{
    "status": "success",
    "status_code": "200",
    "object": {
        "train_start_city_name": "赤峰", //出发地
        "train_end_city_name": "北京", //目的地
        "train_starttime_name": "6:00 - 8:00", //发车时间
        "train_carmodel_name": "奔驰威霆商务车2.0T", //车型
        "info": "这里是车次的简介", //车次简介
        "send_off_model": "准点发车", //发车方式
        "cars_number": "蒙DXT226", //车牌号
        "driver_nickname": "毛毛", //司机姓名
        "driver_phone": "15561379779", //司机电话
        "car_pic": "http://oa.juda-media.com/photo/300W_300H_14964726031224.jpg" //汽车图片
    }
}